id,name,showNote
2,APIs,2
3,Documentation,2
4,JavaScript,2
5,accessibility,3
6,headings,3
7,SEO,3
8,developer hiring,4
9,job search,4
10,interview tips,4
11,LinkedIn,4
12,remote work,4
13,CSS,5
14,Web Development,5
15,Podcast,5
16,#tori,6
17,#electron,6
18,#desktopdev,6
19,#webdev,6
20,Anxiety,7
21,Mental Health,7
22,Stress Management,7
23,Svelte,8
24,JavaScript,8
25,Web Development,8
26,Tonal,9
27,Network Requests,9
28,Proxying,9
29,Reverse Engineering,9
30,Web Development,10
31,Career Change,10
32,Interviews,10
33,hackweek,11
34,automation,11
35,markdown,11
36,productivity,11
37,css,12
38,frontend,12
39,webdev,12
40,astro,13
41,webdev,13
42,javascript,13
43,typescript,14
44,performance,14
45,cms,14
46,javascript,15
47,closures,15
48,scope,15
49,JavaScript,16
50,npm,16
51,ESM,16
52,packaging,16
53,webdev,17
54,javascript,17
55,ogimage,17
56,Fitness,18
57,Home Improvement,18
58,Pop Culture,18
59,React,19
60,Performance,19
61,Virtual DOM,19
62,Rust,20
63,JavaScript,20
64,Web Development,20
65,javascript,21
66,webdev,21
67,fetch,21
68,Web Development,22
69,JavaScript,22
70,React,22
71,JavaScript,23
72,APIs,23
73,WebDev,23
74,javascript,24
75,webdev,24
76,decorators,24
77,AWS,25
78,Deployment,25
79,Docker,25
80,TypeScript,26
81,Posture,26
82,Cloud Services,26
83,facebook,27
84,css,27
85,react,27
86,Remix,28
87,React,28
88,WebDevelopment,28
89,#serverless,29
90,#nodejs,29
91,#javascript,29
92,javascript,30
93,rust,30
94,nodejs,30
95,#email,31
96,#history,31
97,#nodejs,31
98,javascript,32
99,webdev,32
100,polyfill,32
101,transpile,32
102,monkey patch,32
103,UX,33
104,Accessibility,33
105,Forms,33
106,webassembly,34
107,edge-computing,34
108,polyfills,34
109,css,35
110,react,35
111,javascript,35
112,domains,35
113,GitHub,36
114,Bugs,36
115,Help,36
116,Support,36
117,serverless,37
118,coding,37
119,education,37
120,JavaScript,38
121,Web Development,38
122,Interview Questions,38
123,AI,39
124,Developer Tools,39
125,Productivity,39
126,cloudinary,40
127,ai,40
128,media,40
129,images,40
130,video,40
131,frameworks,40
132,youtube,40
133,productivity,40
134,headless,41
135,accessibility,41
136,components,41
137,CSS,42
138,Frontend,42
139,Web Development,42
140,Python,43
141,Queues,43
142,Scale,43
143,Sentry,43
144,ORM,44
145,Database,44
146,Prisma,44
147,Drizzle,44
148,domain-registrars,45
149,web-dev,45
150,domains,45
151,GraphQL,46
152,Jamstack,46
153,React,46
154,Conferences,47
155,APIs,47
156,Troubleshooting,47
157,javascript,48
158,nodejs,48
159,webdev,48
160,javascript,49
161,iot,49
162,hardware,49
163,electronics,50
164,IoT,50
165,DIY,50
166,GitHub,51
167,Project Management,51
168,Automation,51
169,AI,52
170,ChatGPT,52
171,OpenAI,52
172,Future of Work,52
173,JSDoc,53
174,TypeScript,53
175,Svelte,53
176,CSS,54
177,HTML,54
178,Accessibility,54
179,AI,55
180,GitHub,55
181,Developers,55
182,Engineering,55
183,Innovation,55
184,Svelte,56
185,WebDev,56
186,Podcasting,56
187,javascript,57
188,node,57
189,executables,57
190,css,58
191,web development,58
192,front end,58
193,React,59
194,Astro,59
195,Svelte,59
196,CSS,59
197,Tooling,59
198,Career,59
199,#nodejs,60
200,#webdev,60
201,#javascript,60
202,css,61
203,webdev,61
204,frontend,61
205,#hosting,62
206,#javascript,62
207,#webdev,62
208,javascript,63
209,webdev,63
210,reactivity,63
211,state management,63
212,Video,64
213,Streaming,64
214,Web Development,64
215,#UI,65
216,#Accessibility,65
217,#Standards,65
218,bluesky,66
219,socialmedia,66
220,twitter,66
221,terminal,67
222,productivity,67
223,ai,67
224,svelte,68
225,webdev,68
226,planetscale,68
227,prisma,68
228,performance,68
229,#RPC,69
230,#JavaScript,69
231,#React,69
232,legal,70
233,online business,70
234,privacy,70
235,GDPR,70
236,audio,71
237,gear,71
238,podcasting,71
239,CSS,72
240,Design,72
241,Accessibility,72
242,JavaScript,73
243,ESLint,73
244,Open Source,73
245,#Sass,74
246,#CSS,74
247,#webdev,74
248,html,75
249,css,75
250,javascript,75
251,react-native,76
252,web-dev,76
253,tomagui,76
254,webdev,77
255,JavaScript,77
256,podcasts,77
257,#oauth,78
258,#authentication,78
259,#webdev,78
260,#WordPress,79
261,#WebDevelopment,79
262,#CMS,79
263,JavaScript,80
264,CSS,80
265,TypeScript,80
266,Deno,80
267,ChatGPT,80
268,javascript,81
269,webdev,81
270,tooling,81
271,web-components,82
272,lit,82
273,interoperability,82
274,freelancing,83
275,testing,83
276,frameworks,83
277,functions,83
278,learning,83
279,CSS,83
280,ai,84
281,ux,84
282,design,84
283,career,85
284,productivity,85
285,webdev,85
286,design,85
287,HTTPS,86
288,Tunneling,86
289,Cloudflare,86
290,ngrok,86
291,Next.js,87
292,Serverless,87
293,AWS,87
294,Web Development,88
295,Podcasts,88
296,Brainstorming,88
297,web-streams,89
298,performance,89
299,data,89
300,digital nomad,90
301,remote work,90
302,travel,90
303,Performance,91
304,Debugging,91
305,Optimization,91
306,Node.js,92
307,Web Development,92
308,JavaScript,92
309,Visual Programming,93
310,No Code,93
311,React,93
312,#ai,94
313,#development,94
314,#javascript,94
315,coding conventions,95
316,automation,95
317,linting,95
318,astro,96
319,webdev,96
320,frameworks,96
321,Warp,97
322,Terminals,97
323,Mac,97
324,#logging,98
325,#debugging,98
326,#visibility,98
327,solidjs,99
328,reactivity,99
329,frameworks,99
330,#OpenAI,100
331,#ChatGPT,100
332,#JavaScript,100
333,javascript,101
334,webdev,101
335,smarthome,101
336,#configfiles,102
337,#webdev,102
338,#javascript,102
339,Qwik,103
340,React,103
341,Performance,103
342,JavaScript,104
343,TypeScript,104
344,Web Development,104
345,#pagespeed,105
346,#perfmatters,105
347,#webperf,105
348,Rust,106
349,Performance,106
350,Beginner,106
351,#ecmascript,107
352,#esm,107
353,#nodejs,107
354,css,108
355,webdev,108
356,frontend,108
357,Buffalo,109
358,Canada,109
359,Developers,109
360,State of JS,110
361,JavaScript,110
362,Web Development,110
363,CSS,111
364,Container Queries,111
365,Web Development,111
366,podcast,112
367,cms,112
368,sanity,112
369,graphql,112
370,HTML,113
371,Business,113
372,JavaScript,113
373,services,114
374,saas,114
375,api,114
376,Bootcamps,115
377,Data Visualization,115
378,Sustainability,115
379,Web Development,116
380,Podcasting,116
381,Fitness,116
382,Goals,116
383,TypeScript,117
384,JavaScript,117
385,Web Development,117
386,Management,118
387,Writing,118
388,Books,118
389,Motivation,118
390,JavaScript,119
391,Web Development,119
392,2023,119
393,Predictions,119
394,Trends,119
395,typescript,120
396,webdev,120
397,javascript,120
398,Accessibility,121
399,Developer Tools,121
400,Design,121
401,web development,122
402,technology predictions,122
403,javascript,122
404,javascript,123
405,electron,123
406,tori,123
407,Career Change,124
408,Web Development,124
409,Remote Work,124
410,Cloud Computing,125
411,IDEs,125
412,Web Development,125
413,Artificial Intelligence,125
414,productivity,126
415,javascript,126
416,career,126
417,serverless,127
418,databases,127
419,jamstack,127
420,react,128
421,video,128
422,programming,128
423,webdev,129
424,javascript,129
425,webalmanac,129
426,#rendering,130
427,#webdev,130
428,#SPA,130
429,Internal Tools,131
430,UX,131
431,GraphQL,131
432,React,131
433,Code Style,132
434,JavaScript,132
435,Launch Prep,132
436,ai,133
437,github,133
438,webdev,133
439,JavaScript,134
440,Performance,134
441,Testing,134
442,Twitter,135
443,WebSockets,135
444,Google,135
445,Serverless,136
446,AWS Lambda,136
447,Limitations,136
448,Reality TV,137
449,Lifestyle,137
450,Holidays,137
451,responsive design,138
452,web development,138
453,website design,138
454,react,139
455,javascript,139
456,webdev,139
457,javascript,140
458,nodejs,140
459,deno,140
460,typescript,140
461,#CSS,141
462,#webdev,141
463,#animation,141
464,#responsive,141
465,Video Content,142
466,Web Development,142
467,Programming,142
468,Web Development,143
469,JavaScript,143
470,Podcasts,143
471,Web Development,144
472,Podcasts,144
473,Tips & Tricks,144
474,Zod,145
475,TypeScript,145
476,Validation,145
477,ADHD,146
478,Productivity,146
479,Psychology,146
480,webdev,147
481,debugging,147
482,horror,147
483,JavaScript,148
484,WebDev,148
485,Buzzwords,148
486,GraphQL,149
487,Streaming,149
488,React,149
489,Web Development,150
490,Programming,150
491,Software Testing,150
492,webdev,151
493,javascript,151
494,frameworks,151
495,tRPC,152
496,GraphQL,152
497,TypeScript,152
498,Web Stats,153
499,Mobile,153
500,Cleaning,153
501,javascript,154
502,bookmarks,154
503,automation,154
504,neovim,155
505,vim,155
506,lua,155
507,javascript,156
508,webdev,156
509,api,156
510,javascript,157
511,webdev,157
512,programming,157
513,prisma,158
514,graphql,158
515,orm,158
516,css,159
517,project management,159
518,sports,159
519,productivity,160
520,programming,160
521,web development,160
522,Open Source,161
523,Community,161
524,GraphQL,161
525,Live Streaming,161
526,Office,162
527,DIY,162
528,Soundproofing,162
529,#html,163
530,#webdev,163
531,#webcomponents,163
532,Browsers,164
533,Design,164
534,UX,164
535,#productivity,165
536,#timemanagement,165
537,#organization,165
538,ai,166
539,github,166
540,coding,166
541,productivity,167
542,raycast,167
543,macOS,167
544,native,167
545,react,167
546,API,168
547,Development,168
548,Programming,168
549,postcss,169
550,css,169
551,webdev,169
552,twitch,170
553,livecoding,170
554,vim,170
555,javascript,171
556,vscode,171
557,typescript,171
558,#deno,172
559,#nodejs,172
560,#javascript,172
561,React,173
562,SVG,173
563,Canvas,173
564,Design,174
565,Education,174
566,Podcasting,174
567,css,175
568,layout,175
569,margins,175
570,appright,176
571,firebase,176
572,backend,176
573,self-hosted,176
574,websockets,176
575,serverless,176
576,Schools,177
577,Threads,177
578,Performance,177
579,podcasting,178
580,web development,178
581,milestone,178
582,svelte,179
583,webdev,179
584,javascript,179
585,jobs,180
586,career,180
587,webdev,180
588,CSS,181
589,web development,181
590,front-end,181
591,ecommerce,182
592,react,182
593,headless,182
594,APIs,183
595,PDFs,183
596,Payments,183
597,Frameworks,183
598,browsers,184
599,mobile,184
600,webkit,184
601,chromium,184
602,react,185
603,nextjs,185
604,performance,185
605,javascript,186
606,webdev,186
607,apis,186
608,JavaScript,187
609,web development,187
610,programming,187
611,side projects,187
612,WordPress,188
613,Blogging,188
614,SaaS,188
615,node,189
616,npm,189
617,compatibility,189
618,errors,189
619,JavaScript,190
620,Web Development,190
621,Performance,190
622,Databases,191
623,Graph Databases,191
624,Neo4j,191
625,JavaScript,192
626,CSS,192
627,TypeScript,192
628,JavaScript,193
629,HTML,193
630,CSS,193
631,Interview Prep,193
632,serverless,194
633,aws,194
634,developers,194
635,npm,195
636,networking,195
637,home automation,195
638,testing,195
639,JavaScript,196
640,Animation,196
641,Math,196
642,Talon,197
643,Voice Coding,197
644,RSI,197
645,speaking,198
646,conferences,198
647,connections,198
648,CSS,199
649,Accessibility,199
650,Design,199
651,developer-experience,200
652,react,200
653,svelte,200
654,devrel,200
655,Email,201
656,Communication,201
657,Writing,201
658,Productivity,201
659,webapi,202
660,animations,202
661,transitions,202
662,Extensions,203
663,API,203
664,Growth,203
665,home automation,204
666,smart home,204
667,protocols,204
668,customization,204
669,css,205
670,mobile,205
671,viewport,205
672,serverless,206
673,edge computing,206
674,Deno,206
675,Programming,207
676,Web Development,207
677,JavaScript,207
678,CSS,208
679,Web Development,208
680,Front End,208
681,NoCode,209
682,WebDevelopment,209
683,Webflow,209
684,Airtable,209
685,#javascript,210
686,#webdev,210
687,#podcast,210
688,security,211
689,bots,211
690,spam,211
691,burnout,212
692,gardening,212
693,career change,212
694,git,213
695,version control,213
696,vs code,213
697,Caching,214
698,Performance,214
699,Headers,214
700,javascript,215
701,frameworks,215
702,startups,215
703,typescript,216
704,tooling,216
705,compilers,216
706,Office Setup,217
707,Home Office,217
708,Productivity,217
709,Turborepo,218
710,Monorepos,218
711,Podcasts,218
712,Next.js,219
713,Game Development,219
714,Open Source,219
715,interoperability,220
716,javascript,220
717,webdev,220
718,JavaScript,221
719,Monorepo,221
720,Build Tools,221
721,APIs,222
722,JavaScript,222
723,Web Development,222
724,TypeScript,223
725,JavaScript,223
726,Web Development,223
727,edge computing,224
728,edge functions,224
729,serverless,224
730,#javascript,225
731,#webdev,225
732,#axios,225
733,#fetch,225
734,#apicalls,225
735,JavaScript,226
736,Front End Development,226
737,Web Development,226
738,Coupons,227
739,Ecommerce,227
740,Payments,227
741,#teamwork,228
742,#impostersyndrome,228
743,#webdev,228
744,#javascript,228
745,Svelte,229
746,Three.js,229
747,3D,229
748,electric-vehicles,230
749,web-development,230
750,react,230
751,#productivity,231
752,#goals,231
753,#consistency,231
754,content creation,232
755,productivity,232
756,content strategy,232
757,typescript,233
758,javascript,233
759,types,233
760,#webdev,234
761,#portfolios,234
762,#developers,234
763,#vitest,235
764,#testing,235
765,#javascript,235
766,Web Development,236
767,JavaScript,236
768,Online Courses,236
769,#render,237
770,#cloudflare,237
771,#ssl,237
772,auth,238
773,api,238
774,tooling,238
775,tips,238
776,ssr,239
777,jamstack,239
778,serverless,239
779,JavaScript,240
780,Web Development,240
781,Programming,240
782,#stickers,241
783,#shippinglogistics,241
784,#production,241
785,JavaScript,242
786,Web Development,242
787,State of JS,242
788,javascript,243
789,css,243
790,webdev,243
791,distributed-tracing,244
792,debugging,244
793,performance,244
794,career,244
795,open-source,244
796,sentry,244
797,javascript,244
798,javascript,245
799,nodejs,245
800,webdev,245
801,webpack,246
802,html,246
803,typescript,246
804,2fa,246
805,frameworks,246
806,Open Source,247
807,JavaScript,247
808,Web Development,247
809,#technology,248
810,#webdev,248
811,#JavaScript,248
812,javascript,249
813,servers,249
814,serverless,249
815,Design,250
816,Development,250
817,Portfolio,250
818,Teamwork,251
819,Web Development,251
820,Communication,251
821,monorepo,252
822,javascript,252
823,webdev,252
824,javascript,253
825,nodejs,253
826,dependencies,253
827,skills,254
828,learning,254
829,productivity,254
830,CSS,255
831,JavaScript,255
832,Web Development,255
833,Programming,255
834,JavaScript,256
835,TypeScript,256
836,Collaboration,256
837,Tooling,256
838,remix,257
839,react,257
840,webdev,257
841,JavaScript,258
842,WebDev,258
843,2022,258
844,JavaScript,259
845,One-liners,259
846,Snippets,259
847,javascript,260
848,webdev,260
849,podcast,260
850,javascript,261
851,webdev,261
852,QA,261
853,coding,262
854,web-development,262
855,blockchain,262
856,NFTs,262
857,gatsby,263
858,nextjs,263
859,webdev,263
860,webassembly,264
861,adhd,264
862,typescript,264
863,graphql,264
864,svelte,265
865,react,265
866,webdev,265
867,IoT,266
868,Automation,266
869,Industry,266
870,html,267
871,seo,267
872,webdev,267
873,Web Development,268
874,JavaScript,268
875,History,268
876,Copilot,269
877,AI,269
878,Development,269
879,troubleshooting,270
880,debugging,270
881,errors,270
882,apple,271
883,macbook,271
884,hardware,271
885,tips,272
886,webdev,272
887,FAANG,272
888,Nextjs,273
889,React,273
890,Performance,273
891,StackBlitz,274
892,WebContainers,274
893,WebAssembly,274
894,Node,274
895,Browser,274
896,astro,275
897,framework,275
898,javascript,275
899,#CSS,276
900,#webdev,276
901,#frontend,276
902,npm,277
903,pnpm,277
904,monorepo,277
905,git,277
906,webdev,278
907,horror,278
908,halloween,278
909,#codingmistakes,279
910,#devfails,279
911,#softwaregonewrong,279
912,Teaching,280
913,GraphQL,280
914,Security,280
915,Performance,280
916,#javascript,281
917,#webdev,281
918,#programming,281
919,podcasting,282
920,webdev,282
921,production,282
922,css,283
923,colors,283
924,accessibility,283
925,Careers,284
926,JavaScript,284
927,CMS,284
928,php,285
929,javascript,285
930,webdev,285
931,podcast,286
932,game,286
933,frontend,286
934,Developer Tools,287
935,Mac Apps,287
936,Terminals,287
937,Audio/Video,287
938,react,288
939,svelte,288
940,javascript,288
941,#webhooks,289
942,#webdevelopment,289
943,#nodejs,289
944,JavaScript,290
945,ECMAScript,290
946,ES2022,290
947,#starlink,291
948,#ruralinternet,291
949,#cottagelife,291
950,Sass,292
951,Web Development,292
952,WordPress,292
953,React,292
954,JavaScript,292
955,nextjs,293
956,forms,293
957,css,293
958,typescript,293
959,#SvelteKit,294
960,#Serverless,294
961,#Prisma,294
962,#PlanetScale,294
963,coding,295
964,mistakes,295
965,horror stories,295
966,Database Failures,296
967,Site Outages,296
968,Data Exposure,296
969,Programming Languages,297
970,AI,297
971,Python,297
972,design systems,298
973,components,298
974,architecture,298
975,ai,299
976,tools,299
977,services,299
978,javascript,300
979,libraries,300
980,jquery,300
981,express,300
982,sass,300
983,#css,301
984,#webdev,301
985,#frontend,301
986,productivity,302
987,workflow,302
988,office,302
989,#TypeScript,303
990,StrictMode,303
991,WebDev,303
992,JavaScript,304
993,Interview Questions,304
994,Coding Challenges,304
995,Freelancing,305
996,Clients,305
997,Communication,305
998,Beginner,306
999,Debugging,306
1000,Advice,306
1001,CSS,307
1002,web development,307
1003,frontend,307
1004,React,308
1005,Freelancing,308
1006,Fonts,308
1007,html,309
1008,link-tag,309
1009,webdev,309
1010,beginners,310
1011,webdev,310
1012,html,310
1013,css,310
1014,TypeScript,311
1015,Web Development,311
1016,Programming,311
1017,WordPress,312
1018,Backend,312
1019,CSS,312
1020,Jobs,312
1021,Podcasts,312
1022,javascript,313
1023,webdev,313
1024,frameworks,313
1025,Podcasts,314
1026,JavaScript,314
1027,Web Development,314
1028,favicons,315
1029,webdev,315
1030,frontend,315
1031,Svelte,316
1032,Permissions,316
1033,Rescript,316
1034,CSS,317
1035,linting,317
1036,code quality,317
1037,React,318
1038,JavaScript,318
1039,Web Development,318
1040,JavaScript,319
1041,Web Development,319
1042,Tooling,319
1043,Web Development,320
1044,Portfolios,320
1045,Design,320
1046,javascript,321
1047,performance,321
1048,asynchronous,321
1049,Dev Tools,322
1050,HTML,322
1051,CSS,322
1052,Debugging,322
1053,javascript,323
1054,webdev,323
1055,proposals,323
1056,Q&A,324
1057,Tips,324
1058,Web Development,324
1059,security,325
1060,authentication,325
1061,csrf,325
1062,css,326
1063,web development,326
1064,front end development,326
1065,svelte,327
1066,frameworks,327
1067,webdev,327
1068,react,328
1069,typescript,328
1070,graphql,328
1071,cms,328
1072,#vaccine,329
1073,#covid19,329
1074,#javascript,329
1075,react,330
1076,typescript,330
1077,webdev,330
1078,Business,331
1079,Developers,331
1080,Entrepreneurship,331
1081,Naming,332
1082,Editors,332
1083,Themes,332
1084,javascript,333
1085,drag and drop,333
1086,web api,333
1087,html,334
1088,webdev,334
1089,accessibility,334
1090,html,335
1091,css,335
1092,webdev,335
1093,accessibility,335
1094,freelancing,336
1095,react,336
1096,css,336
1097,technical debt,337
1098,development,337
1099,programming,337
1100,Web Development,338
1101,Podcasting,338
1102,Freelancing,338
1103,astro,339
1104,sveltekit,339
1105,vitkit,339
1106,remix,339
1107,TypeScript,340
1108,Fundamentals,340
1109,Generics,340
1110,git,341
1111,rebase,341
1112,workflow,341
1113,productivity,341
1114,#ecommerce,342
1115,#fulfillment,342
1116,#automation,342
1117,css,343
1118,container queries,343
1119,web development,343
1120,Chrome,344
1121,Firefox,344
1122,DevTools,344
1123,Debugging,344
1124,CSS,345
1125,webdev,345
1126,frontend,345
1127,APIs,346
1128,Video,346
1129,Development,346
1130,vscode,347
1131,extensions,347
1132,productivity,347
1133,webdev,347
1134,Caddy,348
1135,Web Servers,348
1136,HTTPS,348
1137,Go,348
1138,#GraphQL,349
1139,#databases,349
1140,#performance,349
1141,Web Development,350
1142,Careers,350
1143,Portfolios,350
1144,Critiques,350
1145,graphql,351
1146,tooling,351
1147,codegeneration,351
1148,Authentication,352
1149,Security,352
1150,Web Development,352
1151,#envvars,353
1152,#dotenv,353
1153,#environment,353
1154,React,354
1155,GraphQL,354
1156,Cypress,354
1157,JavaScript,355
1158,Web Development,355
1159,Careers,355
1160,#desksetup,356
1161,#developergear,356
1162,#codingworkspace,356
1163,javascript,357
1164,css,357
1165,react,357
1166,vue,357
1167,node,357
1168,soft-skills,357
1169,react,358
1170,data fetching,358
1171,caching,358
1172,apis,358
1173,#cypress,359
1174,#testing,359
1175,#automation,359
1176,JavaScript,360
1177,React,360
1178,Web Development,360
1179,TypeScript,361
1180,Compilers,361
1181,Bundlers,361
1182,Online Presence,362
1183,Web Development,362
1184,Careers,362
1185,javascript,363
1186,webdev,363
1187,accessibility,363
1188,javascript,364
1189,webdev,364
1190,typescript,364
1191,LevelUpTutorials,365
1192,React,365
1193,Node,365
1194,#Deno,366
1195,#Nodejs,366
1196,#JavaScript,366
1197,AVIF,367
1198,images,367
1199,performance,367
1200,career,368
1201,imposter syndrome,368
1202,UI,368
1203,sustainability,368
1204,CSS,369
1205,typography,369
1206,design,369
1207,#react,370
1208,#javascript,370
1209,#webdev,370
1210,javascript,371
1211,webdev,371
1212,programming,371
1213,predictions,372
1214,2021,372
1215,trends,372
1216,productivity,373
1217,shortcuts,373
1218,window management,373
1219,2020,374
1220,Trends,374
1221,Predictions,374
1222,Recap,374
1223,hosting,375
1224,pricing,375
1225,cloud,375
1226,Apple,376
1227,Web Development,376
1228,Mac,376
1229,Bots,377
1230,PS5,377
1231,Web Scraping,377
1232,serverless,378
1233,aws,378
1234,lambda,378
1235,begin,378
1236,architect,378
1237,typescript,378
1238,node,378
1239,deno,378
1240,podcasting,379
1241,live streaming,379
1242,video production,379
1243,gatsby,380
1244,nextjs,380
1245,react,380
1246,#react,381
1247,#hooks,381
1248,#javascript,381
1249,gift guide,382
1250,tech,382
1251,clothing,382
1252,conventionalcommits,383
1253,git,383
1254,versioning,383
1255,WebRTC,384
1256,Debugging,384
1257,Frameworks,384
1258,Security,385
1259,Validation,385
1260,Client,385
1261,Server,385
1262,ReactJS,386
1263,Conference,386
1264,Community,386
1265,css,387
1266,grid,387
1267,layout,387
1268,dark mode,388
1269,theming,388
1270,web development,388
1271,Content Creation,389
1272,Web Development,389
1273,React,389
1274,AI,389
1275,cloudflare,390
1276,serverless,390
1277,edge computing,390
1278,JavaScript,391
1279,npm,391
1280,Open Source,391
1281,#javascript,392
1282,#webdev,392
1283,#podcast,392
1284,caching,393
1285,performance,393
1286,stale-while-revalidate,393
1287,Web Development,394
1288,JavaScript,394
1289,Podcasting,394
1290,website,395
1291,development,395
1292,tutorial,395
1293,Angular,396
1294,WebDev,396
1295,JavaScript,396
1296,CSS,397
1297,Web Development,397
1298,Frontend,397
1299,javascript,398
1300,webdev,398
1301,programming,398
1302,#CSS,399
1303,#webdev,399
1304,#frontend,399
1305,developer relations,400
1306,content creation,400
1307,blogging,400
1308,public speaking,400
1309,javascript,401
1310,webdev,401
1311,apis,401
1312,payload,402
1313,cms,402
1314,typescript,402
1315,nextjs,402
1316,headless,402
1317,#accessibility,403
1318,#a11y,403
1319,#webdev,403
1320,security,404
1321,javascript,404
1322,nodejs,404
1323,Observer pattern,405
1324,Design patterns,405
1325,Game development,405